{
  "drizzle.config.ts": 1777135677.4879305,
  "vitest.config.ts": 1777092165.0310342,
  "tests/integration/inventory.test.ts": 1777092119.0734937,
  "tests/integration/auth.test.ts": 1777092082.2721446,
  "tests/integration/products.test.ts": 1777092100.438429,
  "src/app.ts": 1779452676.206516,
  "src/server.ts": 1779452685.0430672,
  "src/middleware/checkProductAccess.ts": 1778266590.9011867,
  "src/middleware/authenticate.ts": 1778266590.900771,
  "src/middleware/logAccess.ts": 1777091240.5663,
  "src/middleware/requireSuperAdmin.ts": 1778266590.902128,
  "src/seed/companies.seed.ts": 1778434156.521878,
  "src/seed/formulationVariants.seed.ts": 1779202918.840495,
  "src/seed/products.seed.ts": 1779208151.8771594,
  "src/seed/reset.ts": 1777134758.410956,
  "src/seed/index.ts": 1778412979.045363,
  "src/seed/inventory.seed.ts": 1778435620.3418465,
  "src/types/errors.ts": 1778947013.993423,
  "src/types/fastify.d.ts": 1777090899.7575266,
  "src/types/index.ts": 1778035415.1689405,
  "src/config/env.ts": 1779452667.660755,
  "src/plugins/redis.ts": 1777091168.7285128,
  "src/plugins/cookie.ts": 1777091157.9959326,
  "src/plugins/cors.ts": 1777091146.8630972,
  "src/utils/jwt.ts": 1777091088.6481192,
  "src/utils/batchNumber.ts": 1777175886.631461,
  "src/utils/quotNumber.ts": 1777091130.217836,
  "src/utils/crypto.ts": 1777091119.216389,
  "src/scripts/updateStock.ts": 1778247756.5719914,
  "src/db/index.ts": 1777091064.5497935,
  "src/db/schema/inventory.ts": 1777342599.4367611,
  "src/db/schema/salaryRecords.ts": 1778224695.8493989,
  "src/db/schema/batches.ts": 1779167654.997186,
  "src/db/schema/companyProductPrices.ts": 1779209514.5637324,
  "src/db/schema/companies.ts": 1777374727.5719376,
  "src/db/schema/productFormulationVariants.ts": 1779201988.2077177,
  "src/db/schema/productDocuments.ts": 1777090995.725364,
  "src/db/schema/formulationVariantComponents.ts": 1778412752.2852454,
  "src/db/schema/accessLog.ts": 1778266590.8995636,
  "src/db/schema/products.ts": 1777090979.158821,
  "src/db/schema/companyProductAccess.ts": 1777090961.5451183,
  "src/db/schema/users.ts": 1777090921.8853672,
  "src/db/schema/index.ts": 1779209532.5447457,
  "src/db/schema/staff.ts": 1777998977.507763,
  "src/db/schema/vendors.ts": 1777943078.4999502,
  "src/db/schema/quotations.ts": 1778266590.9004366,
  "src/modules/vendors/vendors.schema.ts": 1778266590.9066427,
  "src/modules/vendors/vendors.routes.ts": 1778266590.9063375,
  "src/modules/vendors/vendors.service.ts": 1778266590.9069421,
  "src/modules/products/products.service.ts": 1777091352.8806722,
  "src/modules/products/products.schema.ts": 1777091337.5485673,
  "src/modules/products/products.routes.ts": 1778266590.9046762,
  "src/modules/auth/auth.service.ts": 1777091293.394483,
  "src/modules/auth/auth.routes.ts": 1778947007.5356557,
  "src/modules/auth/auth.schema.ts": 1777091262.3642864,
  "src/modules/company-pricing/company-pricing.service.ts": 1779209596.2194169,
  "src/modules/company-pricing/company-pricing.routes.ts": 1779209568.7936862,
  "src/modules/company-pricing/company-pricing.schema.ts": 1779209547.240232,
  "src/modules/salaryRecords/salaryRecords.service.ts": 1778224794.3041084,
  "src/modules/salaryRecords/salaryRecords.schema.ts": 1778266590.9057412,
  "src/modules/salaryRecords/salaryRecords.routes.ts": 1778266590.9054022,
  "src/modules/pdf/pdf.service.ts": 1779469206.5441363,
  "src/modules/pdf/pdf.routes.ts": 1779452659.5034196,
  "src/modules/pdf/template.service.ts": 1779452922.8115892,
  "src/modules/pdf/pdf.types.ts": 1779452532.647398,
  "src/modules/pdf/helpers/handlebars.helpers.ts": 1779452509.6128469,
  "src/modules/pdf/helpers/date.helper.ts": 1779452493.0995927,
  "src/modules/pdf/helpers/currency.helper.ts": 1779452500.9003394,
  "src/modules/inventory/inventory.service.ts": 1777342655.0551877,
  "src/modules/inventory/inventory.schema.ts": 1777342632.4620388,
  "src/modules/inventory/inventory.routes.ts": 1778266590.9044154,
  "src/modules/staff/staff.schema.ts": 1777998989.2704182,
  "src/modules/staff/staff.routes.ts": 1778266590.9060771,
  "src/modules/staff/staff.service.ts": 1777998991.21701,
  "src/modules/quotations/quotations.routes.ts": 1778266590.9049313,
  "src/modules/quotations/quotations.schema.ts": 1777091533.8416128,
  "src/modules/quotations/quotations.service.ts": 1778266590.9051545,
  "src/modules/batches/batches.service.ts": 1779262643.7009284,
  "src/modules/batches/batches.schema.ts": 1779167658.5566955,
  "src/modules/batches/batches.routes.ts": 1779262652.8266702,
  "src/modules/formulation-variants/formulation-variants.service.ts": 1779202103.33419,
  "src/modules/formulation-variants/formulation-variants.schema.ts": 1779202099.284543,
  "src/modules/formulation-variants/formulation-variants.routes.ts": 1778412908.4761102,
  "src/modules/companies/companies.schema.ts": 1777374781.953866,
  "src/modules/companies/companies.routes.ts": 1778266590.9038498,
  "src/modules/companies/companies.service.ts": 1778266590.904179,
  "src/modules/analytics/analytics.service.ts": 1778266590.902729,
  "src/modules/analytics/analytics.routes.ts": 1778266590.902405,
  "first.md": 1777092882.443603,
  "README.md": 1780057695.2567418,
  "features.md": 1777392916.1853614,
  "CLAUDE.md": 1780057684.6567523,
  "graphify-out/graph.html": 1780059251.9775796,
  "graphify-out/GRAPH_REPORT.md": 1780059212.9382524
}