{
  "drizzle.config.ts": 1777090825.94866,
  "vitest.config.ts": 1777092165.031034,
  "tests/integration/inventory.test.ts": 1777092119.0734935,
  "tests/integration/auth.test.ts": 1777092082.2721446,
  "tests/integration/products.test.ts": 1777092100.4384294,
  "src/app.ts": 1777091691.1660779,
  "src/server.ts": 1777091700.4029715,
  "src/middleware/checkProductAccess.ts": 1777091230.2976222,
  "src/middleware/authenticate.ts": 1777091188.27771,
  "src/middleware/logAccess.ts": 1777091240.5663,
  "src/middleware/requireSuperAdmin.ts": 1777091196.8146715,
  "src/seed/companies.seed.ts": 1777091752.7773945,
  "src/seed/products.seed.ts": 1777092026.2564685,
  "src/seed/reset.ts": 1777092044.6956997,
  "src/seed/index.ts": 1777092035.193419,
  "src/seed/inventory.seed.ts": 1777091728.193868,
  "src/types/fastify.d.ts": 1777090899.7575266,
  "src/types/index.ts": 1777090888.3037963,
  "src/config/env.ts": 1777090867.8464034,
  "src/plugins/redis.ts": 1777091168.7285128,
  "src/plugins/cookie.ts": 1777091157.9959328,
  "src/plugins/cors.ts": 1777091146.8630972,
  "src/utils/jwt.ts": 1777091088.6481192,
  "src/utils/quotNumber.ts": 1777091130.217836,
  "src/utils/crypto.ts": 1777091119.216389,
  "src/db/index.ts": 1777091064.5497935,
  "src/db/schema/inventory.ts": 1777091008.6439764,
  "src/db/schema/companies.ts": 1777090942.6461802,
  "src/db/schema/productDocuments.ts": 1777090995.7253637,
  "src/db/schema/accessLog.ts": 1777091037.64243,
  "src/db/schema/products.ts": 1777090979.1588209,
  "src/db/schema/companyProductAccess.ts": 1777090961.5451183,
  "src/db/schema/users.ts": 1777090921.885367,
  "src/db/schema/index.ts": 1777091053.1104872,
  "src/db/schema/quotations.ts": 1777091023.115673,
  "src/modules/products/products.service.ts": 1777091352.8806722,
  "src/modules/products/products.schema.ts": 1777091337.5485675,
  "src/modules/products/products.routes.ts": 1777091366.7497747,
  "src/modules/auth/auth.service.ts": 1777091293.394483,
  "src/modules/auth/auth.routes.ts": 1777091317.0827012,
  "src/modules/auth/auth.schema.ts": 1777091262.3642864,
  "src/modules/inventory/inventory.service.ts": 1777091499.9872382,
  "src/modules/inventory/inventory.schema.ts": 1777091485.0141966,
  "src/modules/inventory/inventory.routes.ts": 1777091511.2824721,
  "src/modules/quotations/quotations.routes.ts": 1777091560.3481627,
  "src/modules/quotations/quotations.schema.ts": 1777091533.8416128,
  "src/modules/quotations/quotations.service.ts": 1777091549.8753958,
  "src/modules/companies/companies.schema.ts": 1777091582.6272812,
  "src/modules/companies/companies.routes.ts": 1777091613.7052639,
  "src/modules/companies/companies.service.ts": 1777091600.5490246,
  "src/modules/analytics/analytics.service.ts": 1777091655.8989952,
  "src/modules/analytics/analytics.routes.ts": 1777091665.1220112,
  "first.md": 1777092882.443603,
  "README.md": 1777092722.019492
}